{"cameraMode":{"drawMode":0,"name":"Shaded","section":"Shading Mode"},"sceneLighting":true,"audioPlay":false,"sceneViewState":{"m_AlwaysRefresh":false,"showFog":true,"showSkybox":true,"showFlares":true,"showImageEffects":true,"showParticleSystems":true,"showVisualEffectGraphs":true,"m_FxEnabled":true},"in2DMode":false,"pivot":{"x":5.364919662475586,"y":1.5946478843688965,"z":16.333354949951173},"rotation":{"x":-0.18922396004199983,"y":0.38510262966156008,"z":-0.08107210695743561,"w":-0.8997855186462402},"size":13.467419624328614,"orthographic":true}